Symbol,Company,Sector,Base Price
RELIANCE,Reliance Industries,Energy & Conglomerates,2850.0
TCS,Tata Consultancy Services,IT,3950.0
INFY,Infosys,IT,1850.0
HDFCBANK,HDFC Bank,Banking,1720.0
ICICIBANK,ICICI Bank,Banking,1380.0
SBIN,State Bank of India,Banking,820.0
AXISBANK,Axis Bank,Banking,1180.0
KOTAKBANK,Kotak Mahindra Bank,Banking,1980.0
ITC,ITC,FMCG,520.0
HINDUNILVR,Hindustan Unilever,FMCG,2650.0
NESTLEIND,Nestle India,FMCG,2450.0
MARUTI,Maruti Suzuki,Automobile,12500.0
TATAMOTORS,Tata Motors,Automobile,760.0
M&M,Mahindra & Mahindra,Automobile,3150.0
EICHERMOT,Eicher Motors,Automobile,5800.0
HEROMOTOCO,Hero MotoCorp,Automobile,5200.0
SUNPHARMA,Sun Pharma,Pharma,1720.0
CIPLA,Cipla,Pharma,1650.0
DRREDDY,Dr. Reddy's Laboratories,Pharma,1320.0
DIVISLAB,Divi's Laboratories,Pharma,6100.0
BHARTIARTL,Bharti Airtel,Telecom,1880.0
ADANIENT,Adani Enterprises,Infrastructure,2500.0
ADANIPORTS,Adani Ports,Infrastructure,1450.0
LT,Larsen & Toubro,Infrastructure,3850.0
ULTRACEMCO,UltraTech Cement,Cement,11800.0
ASIANPAINT,Asian Paints,Consumer,3050.0
TITAN,Titan Company,Consumer,3750.0
TRENT,Trent,Retail,4850.0
DMART,Avenue Supermarts,Retail,5200.0
BEL,Bharat Electronics,Defence,410.0
HAL,Hindustan Aeronautics,Defence,5150.0
BHEL,Bharat Heavy Electricals,Industrials,310.0
SIEMENS,Siemens India,Industrials,7600.0
POWERGRID,Power Grid Corporation,Power,360.0
NTPC,NTPC,Power,420.0
TATASTEEL,Tata Steel,Metals,185.0
JSWSTEEL,JSW Steel,Metals,1050.0
HINDALCO,Hindalco Industries,Metals,720.0
COALINDIA,Coal India,Mining,480.0
ONGC,ONGC,Energy,340.0
IOC,Indian Oil Corporation,Energy,165.0
BPCL,Bharat Petroleum,Energy,360.0
WIPRO,Wipro,IT,570.0
TECHM,Tech Mahindra,IT,1680.0
HCLTECH,HCLTech,IT,1750.0
LTIM,LTIMindtree,IT,6100.0
APOLLOHOSP,Apollo Hospitals,Healthcare,7600.0
MAXHEALTH,Max Healthcare,Healthcare,1050.0
INDIGO,InterGlobe Aviation,Aviation,5700.0
ZOMATO,Eternal (formerly Zomato),Consumer Tech,300.0
